-- phpMyAdmin SQL Dump
-- version 5.0.3
-- https://www.phpmyadmin.net/
--
-- Hôte : 127.0.0.1
-- Généré le : lun. 03 mai 2021 à 02:45
-- Version du serveur :  10.4.14-MariaDB
-- Version de PHP : 7.2.34

SET SQL_MODE = "NO_AUTO_VALUE_ON_ZERO";
START TRANSACTION;
SET time_zone = "+00:00";


/*!40101 SET @OLD_CHARACTER_SET_CLIENT=@@CHARACTER_SET_CLIENT */;
/*!40101 SET @OLD_CHARACTER_SET_RESULTS=@@CHARACTER_SET_RESULTS */;
/*!40101 SET @OLD_COLLATION_CONNECTION=@@COLLATION_CONNECTION */;
/*!40101 SET NAMES utf8mb4 */;

--
-- Base de données : `plateforme`
--

-- --------------------------------------------------------

--
-- Structure de la table `failed_jobs`
--

CREATE TABLE `failed_jobs` (
  `id` bigint(20) UNSIGNED NOT NULL,
  `connection` text COLLATE utf8mb4_unicode_ci NOT NULL,
  `queue` text COLLATE utf8mb4_unicode_ci NOT NULL,
  `payload` longtext COLLATE utf8mb4_unicode_ci NOT NULL,
  `exception` longtext COLLATE utf8mb4_unicode_ci NOT NULL,
  `failed_at` timestamp NOT NULL DEFAULT current_timestamp()
) ENGINE=InnoDB DEFAULT CHARSET=utf8mb4 COLLATE=utf8mb4_unicode_ci;

-- --------------------------------------------------------

--
-- Structure de la table `migrations`
--

CREATE TABLE `migrations` (
  `id` int(10) UNSIGNED NOT NULL,
  `migration` varchar(255) COLLATE utf8mb4_unicode_ci NOT NULL,
  `batch` int(11) NOT NULL
) ENGINE=InnoDB DEFAULT CHARSET=utf8mb4 COLLATE=utf8mb4_unicode_ci;

--
-- Déchargement des données de la table `migrations`
--

INSERT INTO `migrations` (`id`, `migration`, `batch`) VALUES
(1, '2014_10_12_000000_create_users_table', 1),
(2, '2014_10_12_100000_create_password_resets_table', 1),
(3, '2019_08_19_000000_create_failed_jobs_table', 1),
(4, '2021_05_01_002939_create_products_table', 1),
(5, '2021_05_01_003157_create_reviews_table', 1);

-- --------------------------------------------------------

--
-- Structure de la table `password_resets`
--

CREATE TABLE `password_resets` (
  `email` varchar(255) COLLATE utf8mb4_unicode_ci NOT NULL,
  `token` varchar(255) COLLATE utf8mb4_unicode_ci NOT NULL,
  `created_at` timestamp NULL DEFAULT NULL
) ENGINE=InnoDB DEFAULT CHARSET=utf8mb4 COLLATE=utf8mb4_unicode_ci;

-- --------------------------------------------------------

--
-- Structure de la table `products`
--

CREATE TABLE `products` (
  `id` int(10) UNSIGNED NOT NULL,
  `name` varchar(255) COLLATE utf8mb4_unicode_ci NOT NULL,
  `detail` text COLLATE utf8mb4_unicode_ci NOT NULL,
  `value` int(11) NOT NULL,
  `created_at` timestamp NULL DEFAULT NULL,
  `updated_at` timestamp NULL DEFAULT NULL
) ENGINE=InnoDB DEFAULT CHARSET=utf8mb4 COLLATE=utf8mb4_unicode_ci;

--
-- Déchargement des données de la table `products`
--

INSERT INTO `products` (`id`, `name`, `detail`, `value`, `created_at`, `updated_at`) VALUES
(1, 'labore', 'Quam quis beatae tenetur a. At accusantium numquam facilis id impedit dicta. Ratione voluptatem doloribus quia sapiente et autem cum. Suscipit qui ea itaque et harum.', 9957, '2021-05-02 23:38:56', '2021-05-02 23:38:56'),
(2, 'ullam', 'Doloribus est aut porro ut animi. Laudantium et dolor totam ducimus. Dolore earum sapiente voluptatem iure illum est nam. Quis velit distinctio doloremque sunt doloribus culpa placeat id.', 260, '2021-05-02 23:38:57', '2021-05-02 23:38:57'),
(3, 'quis', 'Qui quam doloribus et a. Eos et odit ullam quis quaerat delectus. Fugit eos ut voluptate non. Modi omnis voluptates non ut culpa vel ea ex.', 8579, '2021-05-02 23:38:57', '2021-05-02 23:38:57'),
(4, 'ut', 'Quidem commodi ipsa harum iure eaque vel sunt. Molestiae dignissimos dignissimos totam dignissimos modi sapiente. Qui voluptatum est quia labore. Error et consequuntur odit delectus omnis occaecati quibusdam.', 4570, '2021-05-02 23:38:57', '2021-05-02 23:38:57'),
(5, 'magnam', 'Magnam non nobis excepturi corrupti laudantium eum. Qui aliquam totam velit. Consequatur asperiores dolor ratione expedita ut id aperiam sunt.', 7240, '2021-05-02 23:38:57', '2021-05-02 23:38:57'),
(6, 'porro', 'Voluptas architecto ut corporis repellendus omnis. Harum consequuntur suscipit cum vel et aliquid exercitationem omnis. Est accusamus aut aut molestiae tempora rerum voluptatem. Magni voluptatem iure qui iste.', 8299, '2021-05-02 23:38:57', '2021-05-02 23:38:57'),
(7, 'qui', 'Quis sed repellat deserunt explicabo eveniet. Sint aspernatur fuga rerum possimus et consequatur.', 2216, '2021-05-02 23:38:57', '2021-05-02 23:38:57'),
(8, 'sit', 'Ad in possimus suscipit numquam quod ab. Corporis temporibus veritatis laboriosam exercitationem dignissimos autem explicabo nesciunt. Sunt deleniti optio dolorem voluptatem.', 8694, '2021-05-02 23:38:57', '2021-05-02 23:38:57'),
(9, 'repellendus', 'Eius provident et nisi enim facilis. Excepturi quis dolorum inventore id et. Commodi reiciendis illum et eius ut. Voluptatibus fugiat molestiae ratione doloremque consectetur expedita aut.', 9629, '2021-05-02 23:38:57', '2021-05-02 23:38:57'),
(10, 'quibusdam', 'Voluptatibus omnis velit rerum esse. Nesciunt autem incidunt dolor quia odio. Similique nulla molestiae eius a modi cupiditate.', 9107, '2021-05-02 23:38:57', '2021-05-02 23:38:57'),
(11, 'molestiae', 'Rerum quos error quod modi adipisci. Tempore atque maiores sit error qui iure. Quidem qui voluptatem minus.', 2346, '2021-05-02 23:38:57', '2021-05-02 23:38:57'),
(12, 'libero', 'Dolor voluptas culpa rerum. Sed eius eius officiis non dolor. Culpa voluptatem ratione error sint.', 6315, '2021-05-02 23:38:58', '2021-05-02 23:38:58'),
(13, 'perspiciatis', 'Et ipsam neque omnis ut saepe. Aperiam consequuntur qui sint ut quia odio aperiam. Totam maiores aut sed voluptate numquam odio debitis.', 1275, '2021-05-02 23:38:58', '2021-05-02 23:38:58'),
(14, 'accusamus', 'Culpa qui autem saepe explicabo quibusdam. Ducimus et magnam rem non sint ea a. Distinctio voluptas suscipit distinctio necessitatibus. Expedita perspiciatis earum rerum culpa. Enim recusandae sit molestiae autem quaerat voluptatem quo.', 5654, '2021-05-02 23:38:58', '2021-05-02 23:38:58'),
(15, 'qui', 'Soluta fuga tempore natus ab est sequi nobis. Quaerat voluptas omnis et. Rerum est omnis nobis et. Sapiente libero perspiciatis molestiae.', 5523, '2021-05-02 23:38:58', '2021-05-02 23:38:58'),
(16, 'eum', 'Quas ea nisi repellat neque eaque vel et. Dicta quisquam qui quo ullam iure qui doloremque nisi. Tenetur consectetur velit consequatur voluptas.', 6651, '2021-05-02 23:38:58', '2021-05-02 23:38:58'),
(17, 'veritatis', 'Consequuntur omnis cum itaque error inventore eos natus. Velit laborum numquam odit ullam. Et quia nihil eligendi. Laudantium quia ratione omnis iusto dicta quia.', 9652, '2021-05-02 23:38:58', '2021-05-02 23:38:58'),
(18, 'non', 'Laborum harum saepe voluptates quasi tenetur labore. Eaque exercitationem dolores non itaque expedita. A ratione voluptatum iusto dicta autem. Corrupti temporibus commodi exercitationem quas.', 2139, '2021-05-02 23:38:58', '2021-05-02 23:38:58'),
(19, 'tempore', 'Et maxime dolorem nulla impedit sint vitae. Sapiente id nostrum mollitia reprehenderit quos velit. Sit deserunt non soluta. Praesentium laboriosam aut repellendus labore iure et ut.', 1652, '2021-05-02 23:38:58', '2021-05-02 23:38:58'),
(20, 'eum', 'Quo ut et molestias voluptate. Assumenda tenetur officiis voluptatem eligendi laborum exercitationem et.', 1201, '2021-05-02 23:38:58', '2021-05-02 23:38:58'),
(21, 'maiores', 'Ut placeat et voluptatem ea unde nostrum. Sapiente ea aliquam earum occaecati perferendis laborum unde. Aliquid enim velit dolores. Qui libero omnis nisi sed hic. Quo praesentium voluptas at libero.', 5076, '2021-05-02 23:38:59', '2021-05-02 23:38:59'),
(22, 'quis', 'Mollitia iure eaque sed iste. Culpa id sint excepturi accusamus. Sint est et error cumque tempora maiores et. Alias voluptatum ea est doloribus.', 7087, '2021-05-02 23:38:59', '2021-05-02 23:38:59'),
(23, 'eligendi', 'Ea dolorem quo qui ut necessitatibus blanditiis. Dolorum aliquid sint excepturi est praesentium. Ratione omnis possimus et excepturi saepe iste dolorem eligendi. Voluptas unde nemo rerum et impedit rem unde voluptatibus.', 5769, '2021-05-02 23:38:59', '2021-05-02 23:38:59'),
(24, 'veritatis', 'In iusto rerum praesentium ex est. Enim earum error numquam sit modi. Dolorum laudantium ipsa omnis fugit.', 1091, '2021-05-02 23:38:59', '2021-05-02 23:38:59'),
(25, 'non', 'Deserunt sunt in nam nostrum ut. Dignissimos illum quo dolores et iste.', 4595, '2021-05-02 23:38:59', '2021-05-02 23:38:59'),
(26, 'est', 'Quidem voluptatem natus minima qui porro autem incidunt. Aut expedita rerum eius veniam aut corporis qui minima.', 6173, '2021-05-02 23:38:59', '2021-05-02 23:38:59'),
(27, 'voluptatem', 'Sapiente dolorem ut placeat est debitis qui accusantium. Ab incidunt omnis accusantium ab omnis quo. Quia ut quia laudantium non.', 3016, '2021-05-02 23:38:59', '2021-05-02 23:38:59'),
(28, 'nemo', 'Et libero aliquid delectus ullam architecto. Et modi asperiores et dignissimos incidunt voluptatem.', 4150, '2021-05-02 23:38:59', '2021-05-02 23:38:59'),
(29, 'tempore', 'Id nesciunt voluptate ut voluptatem. Et consequatur repellendus fuga assumenda magnam incidunt est perspiciatis. Ea voluptatem debitis amet non corporis maxime porro. Voluptas aut repellat magnam ullam odio quia mollitia.', 641, '2021-05-02 23:38:59', '2021-05-02 23:38:59'),
(30, 'velit', 'Quos fugit molestias ea laboriosam molestias. Reprehenderit quia quo beatae.', 5131, '2021-05-02 23:38:59', '2021-05-02 23:38:59'),
(31, 'molestiae', 'Recusandae ipsum molestiae laborum repellat placeat nobis. Et delectus perspiciatis totam sed rem. Molestias id sed est blanditiis aspernatur voluptatum facilis impedit. Suscipit illum exercitationem voluptatem in.', 4918, '2021-05-02 23:38:59', '2021-05-02 23:38:59'),
(32, 'asperiores', 'Accusamus in facilis consequatur aut doloremque vitae beatae. Eum quidem porro nihil velit dicta et dolorem. Magni neque sit dicta voluptas omnis blanditiis rerum.', 8143, '2021-05-02 23:39:00', '2021-05-02 23:39:00'),
(33, 'consequatur', 'Sit officiis dolores saepe. Inventore non ipsum alias occaecati. Laborum molestias et aut dolores dolorem voluptatem. Et atque sint laboriosam error.', 6838, '2021-05-02 23:39:00', '2021-05-02 23:39:00'),
(34, 'aspernatur', 'Voluptates quisquam cupiditate cum enim ullam id odit. Perferendis autem nisi qui voluptatem repudiandae placeat unde. Adipisci amet consectetur molestias est. Facere facilis praesentium rerum ab nulla.', 6794, '2021-05-02 23:39:00', '2021-05-02 23:39:00'),
(35, 'reprehenderit', 'Praesentium voluptas qui excepturi accusamus. Debitis voluptatem architecto sit est similique sit. Atque sequi aut tenetur distinctio aperiam et dolorum. Modi doloribus amet magni et numquam neque eius.', 9339, '2021-05-02 23:39:00', '2021-05-02 23:39:00'),
(36, 'quas', 'Non fuga perferendis sunt consequatur aut et est exercitationem. Aperiam voluptas nihil incidunt harum laborum odit quas. Reprehenderit esse autem sit porro.', 4520, '2021-05-02 23:39:00', '2021-05-02 23:39:00'),
(37, 'aut', 'A voluptatum dolores molestiae incidunt corrupti. Excepturi qui nobis voluptatem soluta. At enim soluta dolorem et sequi qui. Fugiat sit velit aut animi quo occaecati.', 4102, '2021-05-02 23:39:00', '2021-05-02 23:39:00'),
(38, 'quae', 'Non quae dolores accusantium magnam quo aut ad. Occaecati dolores sint minus et ipsum animi. Nisi magnam vitae incidunt rerum ullam vero nobis.', 2322, '2021-05-02 23:39:00', '2021-05-02 23:39:00'),
(39, 'ipsa', 'Est aut nihil suscipit et. Eius sit perspiciatis atque ab atque provident qui. Ut ullam nulla earum illum quia at impedit modi. Quibusdam ipsam quia doloribus minus qui suscipit. Eius exercitationem ut qui aut voluptatem libero.', 7422, '2021-05-02 23:39:00', '2021-05-02 23:39:00'),
(40, 'aut', 'Eos ex sed voluptatem. Veritatis voluptates excepturi iste sequi ab. Distinctio id quidem doloremque commodi provident consequatur. Et doloremque voluptatem similique quis officiis quam omnis.', 3905, '2021-05-02 23:39:00', '2021-05-02 23:39:00'),
(41, 'voluptatem', 'Sunt quibusdam est aut quisquam dolor deleniti aperiam. Assumenda praesentium dicta porro qui sunt. Cum enim rem quisquam quis.', 8482, '2021-05-02 23:39:00', '2021-05-02 23:39:00'),
(42, 'laboriosam', 'Iste qui voluptatibus et alias quo asperiores minima. Aspernatur omnis iure odio et. Neque qui esse veritatis molestias expedita quo iste. Inventore quod aliquid doloremque magnam quo facilis quasi.', 9050, '2021-05-02 23:39:00', '2021-05-02 23:39:00'),
(43, 'eum', 'Eveniet sed nisi possimus omnis quisquam harum. Iste doloribus in voluptatem. Qui nisi repudiandae omnis voluptatum eligendi et.', 5152, '2021-05-02 23:39:00', '2021-05-02 23:39:00'),
(44, 'qui', 'Omnis nisi fugiat aperiam et accusantium. Reiciendis quo quis quo. Veritatis animi qui voluptatem quia veritatis. Perferendis illo minima ratione dolorem. In ut animi soluta nisi et voluptas at voluptatem.', 1706, '2021-05-02 23:39:00', '2021-05-02 23:39:00'),
(45, 'corrupti', 'Commodi incidunt modi aut debitis. Aut aut incidunt provident et aut in neque. Distinctio voluptatem quisquam aut totam quia.', 2661, '2021-05-02 23:39:01', '2021-05-02 23:39:01'),
(46, 'optio', 'Nihil soluta sint veritatis sunt. Et nihil ut aliquid ullam. Ut numquam explicabo nesciunt. Error ducimus praesentium id nam.', 8844, '2021-05-02 23:39:01', '2021-05-02 23:39:01'),
(47, 'iusto', 'Corporis eligendi in incidunt. Vel nostrum consequatur sit ullam dolor excepturi autem. Vel et explicabo incidunt sed sit praesentium. Voluptates aut error error consequatur consequatur voluptas cum. Dolor in dolorum voluptas aspernatur molestiae ducimus.', 4490, '2021-05-02 23:39:01', '2021-05-02 23:39:01'),
(48, 'voluptas', 'Distinctio enim eos ipsa explicabo voluptatem. Laborum culpa nostrum voluptatem facere. Quia commodi et molestias facere aperiam. Suscipit ad in hic exercitationem et est itaque.', 4971, '2021-05-02 23:39:01', '2021-05-02 23:39:01'),
(49, 'quia', 'Optio explicabo officiis vero iusto optio nam qui culpa. Quidem quasi beatae aut modi minus temporibus. Itaque harum fugit unde ducimus.', 8015, '2021-05-02 23:39:01', '2021-05-02 23:39:01'),
(50, 'aliquid', 'Minima explicabo deleniti id accusantium dolores aspernatur. Nihil assumenda dolores laborum molestiae rerum suscipit. Sint debitis alias et enim ex.', 9340, '2021-05-02 23:39:01', '2021-05-02 23:39:01'),
(51, 'eius', 'Sit earum est ea quos sequi necessitatibus non aliquam. Consectetur doloremque minus molestiae consequuntur perferendis.', 2306, '2021-05-02 23:40:31', '2021-05-02 23:40:31'),
(52, 'omnis', 'Maxime ducimus facere non necessitatibus. Optio et vitae tempore animi earum cumque. Id iusto ipsam earum quos maxime aut quisquam.', 2895, '2021-05-02 23:40:31', '2021-05-02 23:40:31'),
(53, 'sunt', 'Quis id iure labore rerum. Unde reiciendis dolore temporibus voluptas laboriosam. Incidunt cumque assumenda aut.', 4479, '2021-05-02 23:40:31', '2021-05-02 23:40:31'),
(54, 'dolor', 'Nobis qui excepturi dolores autem neque. Distinctio quasi aut veritatis unde. Praesentium dolorem adipisci voluptatem reprehenderit suscipit distinctio id. Ut exercitationem non quia sed accusamus provident.', 9821, '2021-05-02 23:40:32', '2021-05-02 23:40:32'),
(55, 'dolorem', 'Voluptas est amet neque dolorem blanditiis temporibus rerum. Iure et doloremque laboriosam et est quisquam expedita. Tempore sed vel eos voluptas.', 1635, '2021-05-02 23:40:32', '2021-05-02 23:40:32'),
(56, 'eius', 'Ut quia modi voluptate ut suscipit et quia. Magnam magnam eum animi sunt. Qui autem perspiciatis repellendus iusto voluptas.', 5863, '2021-05-02 23:40:32', '2021-05-02 23:40:32'),
(57, 'nobis', 'Velit ut quasi et sequi. Assumenda magni et non. Voluptas consectetur rerum unde cum. Omnis consequatur harum architecto architecto a sapiente provident eos. Ea necessitatibus voluptates ut autem.', 6565, '2021-05-02 23:40:32', '2021-05-02 23:40:32'),
(58, 'veniam', 'Magnam velit natus animi cumque. Corrupti et explicabo a beatae. Possimus est accusamus error optio recusandae.', 8845, '2021-05-02 23:40:32', '2021-05-02 23:40:32'),
(59, 'veritatis', 'Et eveniet doloribus vel. Nemo beatae quo accusamus sit. Necessitatibus quod temporibus repellendus eius. Qui id dolor ad accusamus iusto rerum.', 6788, '2021-05-02 23:40:32', '2021-05-02 23:40:32'),
(60, 'omnis', 'Perspiciatis inventore est laborum recusandae nam sit dolor. Pariatur porro illo in ducimus ipsam accusamus. Rerum deserunt perferendis quod ea aspernatur ut mollitia. Amet laudantium repellendus beatae laudantium ut repellendus.', 6151, '2021-05-02 23:40:32', '2021-05-02 23:40:32'),
(61, 'ipsum', 'Amet enim et sit perspiciatis. Dolores molestiae ut unde. Nobis quo sequi et ut voluptatibus quo. Cumque omnis et quia minus ducimus.', 492, '2021-05-02 23:40:32', '2021-05-02 23:40:32'),
(62, 'vel', 'Soluta non ut asperiores repellendus expedita asperiores at nesciunt. Sit aut sint aut dicta soluta qui nostrum. Et officiis voluptatem architecto. Reprehenderit provident quod ad eos.', 3650, '2021-05-02 23:40:32', '2021-05-02 23:40:32'),
(63, 'dolores', 'Aliquid autem eaque blanditiis vel. Sit molestiae asperiores voluptas nulla laudantium. Et laborum consectetur dolor asperiores consectetur inventore perferendis dolores. Facilis in ea quas cumque. Asperiores non non eos consequatur voluptates eligendi saepe odio.', 1035, '2021-05-02 23:40:33', '2021-05-02 23:40:33'),
(64, 'dolorem', 'Quo praesentium laborum dolor vel totam. Assumenda est sed dicta illum et. Consequatur ratione cupiditate rerum repellendus ipsa explicabo omnis.', 4582, '2021-05-02 23:40:33', '2021-05-02 23:40:33'),
(65, 'veritatis', 'Impedit qui quas repudiandae quis. Voluptas ab qui facere cumque amet. Et aliquam eum harum nihil.', 6344, '2021-05-02 23:40:33', '2021-05-02 23:40:33'),
(66, 'amet', 'Veritatis impedit enim non est at. Repudiandae hic nam sint vero aut velit et. Consequatur voluptatibus odit neque. Nam consequatur ex ut rerum qui dolorem odio et.', 1109, '2021-05-02 23:40:33', '2021-05-02 23:40:33'),
(67, 'quo', 'Id consectetur neque sapiente quis sit blanditiis occaecati. Atque ut consequuntur magni reiciendis eum et. Possimus est omnis consectetur odio debitis voluptatem. Ex quas voluptates culpa totam aut. Odit omnis et mollitia distinctio.', 4650, '2021-05-02 23:40:33', '2021-05-02 23:40:33'),
(68, 'maxime', 'Et non consequatur praesentium ut doloremque totam veritatis. Aliquam tempore aperiam consequatur dolorum ex quia non. Aut excepturi distinctio repudiandae qui consequatur eum. Minus ullam occaecati corrupti quaerat ea.', 5399, '2021-05-02 23:40:33', '2021-05-02 23:40:33'),
(69, 'et', 'Repellendus vitae sed perferendis non facere. Dolores soluta consequatur soluta minima. Facilis praesentium quae eveniet quas vitae. Sint impedit et et in voluptas.', 7243, '2021-05-02 23:40:33', '2021-05-02 23:40:33'),
(70, 'libero', 'Ipsam mollitia nam vero dolor officiis asperiores. Et placeat qui quaerat doloribus. Ab nihil quia consequatur velit. Perferendis adipisci ipsum aliquid qui quia occaecati omnis.', 9257, '2021-05-02 23:40:33', '2021-05-02 23:40:33'),
(71, 'animi', 'Et corrupti dicta aut sint voluptatem maiores. Neque occaecati quo non sapiente. Et et et aspernatur culpa aut. Enim ut vero perferendis quo.', 9526, '2021-05-02 23:40:33', '2021-05-02 23:40:33'),
(72, 'sequi', 'Minima dicta eos distinctio dolorum consequuntur dolore. Ut et vero ut qui. Debitis error iure in dolores molestias. Non voluptatem eius est dolorem.', 9588, '2021-05-02 23:40:33', '2021-05-02 23:40:33'),
(73, 'voluptatem', 'Praesentium voluptatem voluptatem tempore debitis. Incidunt ut velit enim iure. Repudiandae veritatis qui veniam optio consequuntur consequatur ut doloribus.', 7950, '2021-05-02 23:40:33', '2021-05-02 23:40:33'),
(74, 'consequatur', 'Omnis facere quia sunt nam quia quisquam. Illo occaecati sed et qui enim qui. Voluptatem sapiente a sunt autem veritatis. Nesciunt sunt accusantium neque dolorum quia.', 7043, '2021-05-02 23:40:33', '2021-05-02 23:40:33'),
(75, 'voluptatem', 'Perspiciatis doloremque velit sequi voluptatum ipsa porro autem. Iste sed eligendi eaque enim.', 39, '2021-05-02 23:40:34', '2021-05-02 23:40:34'),
(76, 'unde', 'Voluptatem ullam id dolores qui aut. Et minima sequi eveniet porro illum magnam. Ad occaecati porro et.', 7675, '2021-05-02 23:40:34', '2021-05-02 23:40:34'),
(77, 'et', 'Consequuntur id rerum architecto quasi iure id. Impedit perferendis voluptates numquam molestiae. Ratione omnis placeat ut tempore ipsum fugit incidunt.', 4071, '2021-05-02 23:40:34', '2021-05-02 23:40:34'),
(78, 'consequatur', 'Ab porro est non placeat. Consectetur corrupti quia doloremque nam nostrum veritatis exercitationem. Dolor nobis maxime repellat voluptatem ea temporibus aut.', 3569, '2021-05-02 23:40:34', '2021-05-02 23:40:34'),
(79, 'quo', 'Necessitatibus aut qui ea est. Aperiam sit in amet et. Quis quibusdam maxime commodi dolores accusantium modi. Ullam saepe aperiam nulla consequatur odio quia omnis.', 7971, '2021-05-02 23:40:34', '2021-05-02 23:40:34'),
(80, 'facilis', 'Distinctio cupiditate aut sit sint. Ratione aperiam deleniti ab. Sed quis ut voluptatibus ex.', 3156, '2021-05-02 23:40:34', '2021-05-02 23:40:34'),
(81, 'dolorum', 'Sequi fugit ad ullam nemo incidunt. Molestias voluptas similique ad ut aperiam velit id aut. Et corrupti error et esse consequatur in.', 3029, '2021-05-02 23:40:34', '2021-05-02 23:40:34'),
(82, 'molestiae', 'Et vero nam sint sed aperiam. Accusamus repellendus et pariatur recusandae et ut magnam. Corrupti dicta commodi ducimus sit ut. Cum quia debitis ea in aperiam quas esse.', 3559, '2021-05-02 23:40:34', '2021-05-02 23:40:34'),
(83, 'ab', 'Dolor itaque mollitia voluptas ut a voluptatum. Soluta iste omnis libero ducimus excepturi. Voluptatem consequatur est earum explicabo.', 9734, '2021-05-02 23:40:34', '2021-05-02 23:40:34'),
(84, 'enim', 'Eos beatae at corporis eum. Qui aut placeat ut eveniet fugiat. Nemo unde aperiam beatae architecto consequatur ea consequatur consequatur.', 2704, '2021-05-02 23:40:34', '2021-05-02 23:40:34'),
(85, 'est', 'Quam qui beatae ad explicabo. Molestiae illum placeat officia. Est rerum ad quos minima at perspiciatis.', 6626, '2021-05-02 23:40:34', '2021-05-02 23:40:34'),
(86, 'beatae', 'Ducimus quia eum enim. Nulla provident molestiae ut deleniti ex nostrum. Voluptatibus autem qui omnis rerum. Quam voluptates voluptate repudiandae quaerat et laudantium rerum occaecati.', 4372, '2021-05-02 23:40:34', '2021-05-02 23:40:34'),
(87, 'quis', 'Ut velit voluptas ut est fugiat est quasi. Ut aut numquam quam quasi ullam voluptatem veritatis. Voluptatem dolorem in officiis itaque.', 1824, '2021-05-02 23:40:34', '2021-05-02 23:40:34'),
(88, 'mollitia', 'Cum aliquid libero nihil quo libero velit. Soluta illum molestiae natus alias ipsam dolor quaerat. Et sit eum quae rerum quaerat. Doloremque quae minus adipisci cum.', 6927, '2021-05-02 23:40:34', '2021-05-02 23:40:34'),
(89, 'quisquam', 'Officiis explicabo eos occaecati eius voluptates cupiditate consequuntur expedita. Quam optio qui voluptas est sed sit temporibus mollitia. Ut quis veritatis nesciunt quae.', 6224, '2021-05-02 23:40:34', '2021-05-02 23:40:34'),
(90, 'porro', 'Qui culpa reiciendis cumque eos consequatur. Assumenda fugiat possimus hic ea eum quas fugit. Libero corporis ad rerum eum eum cupiditate consectetur. Sequi et autem id beatae totam qui.', 1809, '2021-05-02 23:40:35', '2021-05-02 23:40:35'),
(91, 'et', 'At odit nisi ut sint quod quos. Deleniti neque eos molestiae accusamus. Necessitatibus et incidunt earum et dicta vel aperiam.', 6895, '2021-05-02 23:40:35', '2021-05-02 23:40:35'),
(92, 'quam', 'Labore quasi eveniet qui voluptates. Atque eum commodi libero velit alias. Totam dolorem vitae voluptatem. Ab esse temporibus nam in cupiditate.', 1726, '2021-05-02 23:40:35', '2021-05-02 23:40:35'),
(93, 'eos', 'Non consequuntur consequatur omnis alias. Repudiandae et aut qui ducimus voluptatibus aliquam iure. Voluptatum nesciunt dicta eaque qui eos. Ea quas rerum et animi quia quaerat et. Voluptates quidem corrupti possimus.', 3827, '2021-05-02 23:40:35', '2021-05-02 23:40:35'),
(94, 'reiciendis', 'Alias sunt officiis veniam sunt atque. Doloremque quam et qui nam quo. Quos quia beatae ut voluptatibus sed nulla deleniti. Deleniti corrupti natus quam ab iste.', 7238, '2021-05-02 23:40:35', '2021-05-02 23:40:35'),
(95, 'id', 'Culpa tempore molestias cupiditate dolor blanditiis nulla. Quod dolor eum odit veniam sunt vel porro. Debitis rem possimus saepe atque est.', 8110, '2021-05-02 23:40:35', '2021-05-02 23:40:35'),
(96, 'doloremque', 'Saepe iste eligendi quaerat cumque. Quis debitis occaecati vero. Illo adipisci ea dolorem suscipit omnis.', 6490, '2021-05-02 23:40:35', '2021-05-02 23:40:35'),
(97, 'impedit', 'Odio voluptas fuga autem. Ut rerum incidunt hic dolores. Dolor et est saepe sunt. Aut est fugiat est qui eaque.', 3943, '2021-05-02 23:40:35', '2021-05-02 23:40:35'),
(98, 'sequi', 'Consequatur dignissimos voluptate non occaecati excepturi at pariatur facilis. Quaerat labore et aut debitis nihil et fugit. Magnam quas quo cum suscipit praesentium inventore aut eligendi. Aut libero est sit dolores omnis non.', 440, '2021-05-02 23:40:35', '2021-05-02 23:40:35'),
(99, 'quos', 'Quibusdam earum commodi laborum voluptatem. Dicta architecto suscipit in repellendus est magni commodi. Dolorem voluptas voluptate maxime qui perferendis. Quasi aut accusamus sapiente quibusdam asperiores qui.', 6691, '2021-05-02 23:40:35', '2021-05-02 23:40:35'),
(100, 'nihil', 'Non quis mollitia dolorum eos eum harum. Beatae fugiat architecto ad pariatur omnis nihil. Commodi provident voluptatum non itaque esse. Voluptatem pariatur impedit dignissimos vero qui.', 1338, '2021-05-02 23:40:35', '2021-05-02 23:40:35');

-- --------------------------------------------------------

--
-- Structure de la table `reviews`
--

CREATE TABLE `reviews` (
  `id` int(10) UNSIGNED NOT NULL,
  `product_id` int(10) UNSIGNED NOT NULL,
  `customer` varchar(255) COLLATE utf8mb4_unicode_ci NOT NULL,
  `review` text COLLATE utf8mb4_unicode_ci NOT NULL,
  `star` int(11) NOT NULL,
  `created_at` timestamp NULL DEFAULT NULL,
  `updated_at` timestamp NULL DEFAULT NULL
) ENGINE=InnoDB DEFAULT CHARSET=utf8mb4 COLLATE=utf8mb4_unicode_ci;

--
-- Déchargement des données de la table `reviews`
--

INSERT INTO `reviews` (`id`, `product_id`, `customer`, `review`, `star`, `created_at`, `updated_at`) VALUES
(1, 15, 'Mckenna Bergnaum', 'Perferendis aperiam aut provident ea numquam. Distinctio eveniet fuga delectus voluptas at modi dolorem. Et modi similique perferendis laboriosam.', 2, '2021-05-02 23:40:36', '2021-05-02 23:40:36'),
(2, 26, 'Dr. Sarai Muller', 'Dolor aut est eos et explicabo. Consequatur aut ut reprehenderit perferendis autem aperiam quo. Est eum possimus veniam vitae laboriosam veritatis.', 3, '2021-05-02 23:40:36', '2021-05-02 23:40:36'),
(3, 31, 'Mrs. Neoma Rempel', 'Itaque eum labore suscipit maiores nam quia tempore delectus. Libero pariatur reprehenderit quisquam omnis sunt nisi. Cupiditate impedit officiis pariatur sit dolores est fuga.', 5, '2021-05-02 23:40:36', '2021-05-02 23:40:36'),
(4, 89, 'Jaden Terry Jr.', 'Ab ut rem a mollitia est ducimus repellendus. Ducimus alias id numquam ad repudiandae aperiam. Reiciendis ad in occaecati quod nulla suscipit sit.', 1, '2021-05-02 23:40:36', '2021-05-02 23:40:36'),
(5, 48, 'Georgiana Erdman', 'Inventore odit quia animi reprehenderit illum quis. Velit corporis odio fugiat ipsam. Expedita accusantium nihil id voluptates.', 1, '2021-05-02 23:40:36', '2021-05-02 23:40:36'),
(6, 33, 'Esmeralda Olson', 'Voluptas amet consequatur aliquid qui magnam laborum totam. Sequi consequatur perspiciatis et dolor eum quibusdam possimus. Accusamus praesentium optio nostrum nihil sint. Exercitationem officiis qui ullam in.', 1, '2021-05-02 23:40:36', '2021-05-02 23:40:36'),
(7, 12, 'Vickie McClure II', 'Voluptatem minus id sunt repellat corrupti sapiente nisi. Voluptatem sit nihil culpa qui reiciendis deleniti tenetur.', 4, '2021-05-02 23:40:37', '2021-05-02 23:40:37'),
(8, 13, 'Mrs. Micaela Waters Sr.', 'Sint et omnis iusto. Et sapiente velit incidunt minima. Quia aut molestiae aut delectus tempora.', 0, '2021-05-02 23:40:37', '2021-05-02 23:40:37'),
(9, 90, 'Prof. Schuyler Zulauf', 'Autem quidem qui et sunt corporis delectus mollitia. Fuga repellendus veritatis maxime. Esse ipsa vero ea magni velit in. Rerum est voluptatum omnis qui mollitia porro aut.', 1, '2021-05-02 23:40:37', '2021-05-02 23:40:37'),
(10, 26, 'Dr. Myra Rath V', 'Atque nihil ea fuga quo. Quisquam inventore animi aperiam. Totam porro aut sed non dignissimos quidem enim. Repellendus adipisci aspernatur laudantium nostrum sed dolores.', 3, '2021-05-02 23:40:37', '2021-05-02 23:40:37'),
(11, 24, 'Ms. Velva Thiel', 'Sint et consequatur voluptas. Enim dolore nam molestias qui dolores. Voluptas eum qui veritatis repellendus voluptatem.', 3, '2021-05-02 23:40:37', '2021-05-02 23:40:37'),
(12, 76, 'Jamil Prohaska', 'Voluptatem quia qui odio at cupiditate totam minima. Et sint quas vel quis enim amet odio. Eum qui accusamus iusto voluptatibus exercitationem atque neque et. Explicabo culpa iusto similique amet minus ad. Quibusdam reprehenderit eos natus omnis.', 0, '2021-05-02 23:40:37', '2021-05-02 23:40:37'),
(13, 59, 'Albina Heathcote DVM', 'Voluptatem ut est quo natus animi porro velit ut. Omnis aut in eveniet impedit id quo dolorem. Vel voluptates dolorum quaerat omnis.', 4, '2021-05-02 23:40:37', '2021-05-02 23:40:37'),
(14, 97, 'Prof. Myra Stiedemann', 'Laborum temporibus non est neque. Enim harum optio autem amet aut ut harum. Nemo asperiores fugiat iure in. Ullam animi veniam nam similique neque rem.', 4, '2021-05-02 23:40:37', '2021-05-02 23:40:37'),
(15, 33, 'Ms. Hillary Smith IV', 'Consequatur debitis expedita ipsum sit incidunt possimus. Quidem ut nesciunt ut dolorem. Nisi id quam dicta similique. Libero eligendi dolorem inventore officia.', 1, '2021-05-02 23:40:37', '2021-05-02 23:40:37'),
(16, 82, 'Annamarie Bartell', 'Odio iste vitae a expedita laboriosam tenetur. Ut harum qui in quod soluta at reprehenderit ut. Tenetur autem et libero velit excepturi quo est quibusdam. Ratione consequatur quia sunt sed odit eligendi.', 5, '2021-05-02 23:40:37', '2021-05-02 23:40:37'),
(17, 29, 'Dr. Rodrick Bogan III', 'Non officiis quos excepturi et. Iusto temporibus temporibus commodi eligendi reiciendis. Accusantium voluptatem dolorem suscipit saepe. Excepturi cupiditate quia non error quidem.', 4, '2021-05-02 23:40:38', '2021-05-02 23:40:38'),
(18, 87, 'Dereck Senger', 'Dolor voluptatibus hic velit sit nulla. Et ea autem aliquam voluptas eum corrupti. Omnis nesciunt qui saepe blanditiis placeat qui.', 1, '2021-05-02 23:40:38', '2021-05-02 23:40:38'),
(19, 84, 'Adela Kautzer', 'Perspiciatis illum ut soluta ducimus. Et sint exercitationem excepturi consequuntur aspernatur natus illo vel. Ratione consequatur blanditiis iusto aspernatur. Quidem aut molestias pariatur debitis laudantium et sit.', 4, '2021-05-02 23:40:38', '2021-05-02 23:40:38'),
(20, 23, 'Prof. Isai Quitzon Sr.', 'Ut alias id non commodi. Eos enim tempore sunt quisquam accusamus non quo. Explicabo voluptas vel dignissimos.', 4, '2021-05-02 23:40:38', '2021-05-02 23:40:38'),
(21, 73, 'Rickey Heaney DVM', 'Reprehenderit quia error quaerat id ea molestiae. Delectus est dolor consequatur earum in corporis. Vel reiciendis qui tempora et est et. Dignissimos omnis id est cumque praesentium doloribus et eum. Quo rerum beatae qui quam enim.', 5, '2021-05-02 23:40:38', '2021-05-02 23:40:38'),
(22, 15, 'Lilla Bayer', 'Distinctio aliquid eum aut similique. Eveniet nesciunt fugit ipsum autem ipsum et. Saepe ipsam odio cum sunt ipsa. Corrupti quo et ut dolorum ducimus itaque sint.', 0, '2021-05-02 23:40:38', '2021-05-02 23:40:38'),
(23, 78, 'Kristopher Schaden', 'Modi illum vel velit alias fugiat. Rem similique voluptatum laboriosam. Sunt nisi esse minus. Atque aut dolores aliquam quibusdam laudantium.', 3, '2021-05-02 23:40:38', '2021-05-02 23:40:38'),
(24, 85, 'Alana King Jr.', 'Sunt labore architecto eveniet sunt quia. Velit cumque dolores quia repellendus animi. Velit dolorum cum doloremque corrupti omnis nostrum. Provident ratione sit nemo quia fugit labore.', 3, '2021-05-02 23:40:38', '2021-05-02 23:40:38'),
(25, 64, 'Alfonzo Boehm', 'Saepe aliquid quam porro non reprehenderit quam eligendi. Rerum ut rem qui qui. Officiis architecto aut quidem recusandae enim quos ipsam culpa. Et consequuntur possimus dolores temporibus.', 3, '2021-05-02 23:40:38', '2021-05-02 23:40:38'),
(26, 52, 'Stephany Blanda', 'Deleniti repudiandae nobis aut enim quia optio illum. Non saepe eos consequatur vel provident tenetur eligendi.', 5, '2021-05-02 23:40:38', '2021-05-02 23:40:38'),
(27, 17, 'Jarod Kiehn', 'Aliquam nostrum quam sed aspernatur. Consequuntur et vel at quia. Impedit doloribus illo esse autem. Nulla nostrum ut praesentium quibusdam.', 3, '2021-05-02 23:40:38', '2021-05-02 23:40:38'),
(28, 44, 'Dr. Terrance Corwin', 'Natus iste mollitia est sed suscipit et aut. Illum sunt temporibus animi nisi qui.', 5, '2021-05-02 23:40:38', '2021-05-02 23:40:38'),
(29, 6, 'Albina Gaylord', 'Suscipit dolores beatae qui fugiat id repudiandae deserunt. Exercitationem est harum voluptatibus corrupti amet. Eaque pariatur explicabo aperiam culpa. Maxime praesentium optio adipisci nihil et.', 2, '2021-05-02 23:40:38', '2021-05-02 23:40:38'),
(30, 6, 'Ayana Gibson', 'Quibusdam voluptas nobis consequatur. Pariatur fugiat id illo. Ea dicta temporibus nemo.', 1, '2021-05-02 23:40:39', '2021-05-02 23:40:39'),
(31, 72, 'Luz Romaguera', 'Aut adipisci necessitatibus sit deleniti et. Accusantium rerum consequatur eius iste eaque. Voluptas eligendi libero illum nam laboriosam. Omnis iusto eos unde omnis illum qui alias.', 3, '2021-05-02 23:40:39', '2021-05-02 23:40:39'),
(32, 71, 'Brad Vandervort', 'Omnis laboriosam exercitationem fugiat officia ut ut laudantium. Id sunt veritatis cumque qui nemo in. Sunt debitis officiis placeat odit et sint.', 1, '2021-05-02 23:40:39', '2021-05-02 23:40:39'),
(33, 52, 'Lucinda Hackett', 'Aut ipsam quia aut ut odit est qui. Quidem tenetur nobis saepe tempore libero quo. Et quas aliquam voluptatibus.', 1, '2021-05-02 23:40:39', '2021-05-02 23:40:39'),
(34, 59, 'Hilton Wuckert', 'Illo asperiores ea provident. Magnam et maxime qui voluptatibus quis aut quisquam corporis. Tempore sequi suscipit minus adipisci et et rerum.', 4, '2021-05-02 23:40:39', '2021-05-02 23:40:39'),
(35, 45, 'Barry Lockman', 'Modi tenetur sit itaque et. Reiciendis id aut non sit alias sunt cumque et. Labore sed repellendus enim ducimus itaque nihil.', 0, '2021-05-02 23:40:39', '2021-05-02 23:40:39'),
(36, 53, 'Dr. Eudora Koepp', 'Quam officiis in aut accusamus quis est est. Non omnis necessitatibus illum ut aspernatur mollitia delectus. Natus minima itaque molestiae repellendus quia rem voluptates. Hic aspernatur aut earum ut.', 4, '2021-05-02 23:40:39', '2021-05-02 23:40:39'),
(37, 42, 'Delfina Gibson', 'Ut sequi enim provident minus. Dolorem at quasi sed facere quaerat sit. Ea et quam culpa debitis praesentium.', 0, '2021-05-02 23:40:39', '2021-05-02 23:40:39'),
(38, 74, 'Ryann Morar', 'Nisi distinctio sit facilis. Assumenda quibusdam sed nihil voluptatem quia. Rerum vitae et et eos est consequatur veritatis.', 0, '2021-05-02 23:40:39', '2021-05-02 23:40:39'),
(39, 12, 'Nelle Wilderman', 'Voluptates modi et est aliquam illum. Quia deserunt dolorem dolorem quia et. Et quia magni dolor id eligendi tempore iste.', 1, '2021-05-02 23:40:39', '2021-05-02 23:40:39'),
(40, 54, 'Marcus Mraz', 'Inventore ut qui asperiores quis. Quaerat dolorem repudiandae dicta cumque. Quos consequatur voluptas quo perspiciatis. Quis consequuntur optio eos voluptatem velit architecto.', 2, '2021-05-02 23:40:39', '2021-05-02 23:40:39'),
(41, 28, 'Prof. Tressa Auer PhD', 'Ipsum rerum et eius voluptatem dicta omnis vel ut. Ut dolor voluptatem aliquid sapiente repellendus nam.', 3, '2021-05-02 23:40:39', '2021-05-02 23:40:39'),
(42, 55, 'Aglae Paucek', 'Qui sed optio voluptatem autem nobis. Placeat commodi tempore et in ut sit fugiat.', 3, '2021-05-02 23:40:39', '2021-05-02 23:40:39'),
(43, 48, 'Genevieve Klocko', 'Dolor et error sunt eum vero totam beatae. Ipsum officia autem quis vero ea. Totam ut fugit numquam voluptatum dolorem. Qui porro repellendus qui fugiat facilis. Asperiores repellat laboriosam ut ab.', 5, '2021-05-02 23:40:39', '2021-05-02 23:40:39'),
(44, 81, 'Everette Leffler', 'Autem non fugiat aut. Accusantium dolor tenetur quaerat incidunt fugit tenetur. Est quis at ipsam non pariatur nihil.', 4, '2021-05-02 23:40:40', '2021-05-02 23:40:40'),
(45, 99, 'Lorine Langworth', 'Libero esse ducimus numquam distinctio consequatur ut eius. Adipisci nihil ipsa recusandae libero cum deserunt. Iusto tempora velit nostrum iste et ex.', 4, '2021-05-02 23:40:40', '2021-05-02 23:40:40'),
(46, 2, 'Tevin Ullrich Jr.', 'Voluptas reiciendis nihil molestias et. Rem pariatur consequatur dolorum perferendis in nobis temporibus. Repellat et id velit voluptatibus corporis reprehenderit ea hic. Adipisci qui voluptatem vel alias corporis.', 4, '2021-05-02 23:40:40', '2021-05-02 23:40:40'),
(47, 96, 'Jonathon Goldner', 'Totam id ullam praesentium delectus nemo dolorem. Est occaecati est repellat nihil atque. Perspiciatis non error aut aut asperiores facilis occaecati animi.', 5, '2021-05-02 23:40:40', '2021-05-02 23:40:40'),
(48, 95, 'Dr. Michele Weber', 'Rerum quia sed repellendus voluptatum. Sapiente totam inventore aut neque. Eligendi aut corporis sequi ut iusto. Adipisci nam sed architecto.', 5, '2021-05-02 23:40:40', '2021-05-02 23:40:40'),
(49, 48, 'Eliseo Lindgren Sr.', 'Commodi molestiae omnis praesentium et sed voluptas molestiae. A ipsum ut accusamus officia. Nulla quo blanditiis repellendus molestiae repellendus aliquid.', 4, '2021-05-02 23:40:40', '2021-05-02 23:40:40'),
(50, 53, 'Davonte Stark', 'Neque eos dolor ut enim. Soluta distinctio nemo nemo quidem et. Aut dolores corrupti eaque. Omnis ullam eaque fuga odit blanditiis et.', 5, '2021-05-02 23:40:40', '2021-05-02 23:40:40'),
(51, 94, 'Garry Rice', 'Quis nam et earum amet facere corporis. Dolorem explicabo ea et doloribus ea assumenda corporis. Minus occaecati optio nam odio nostrum accusamus.', 0, '2021-05-02 23:40:40', '2021-05-02 23:40:40'),
(52, 14, 'Sherwood Jacobs', 'Laudantium a harum quos voluptatibus quae. Corporis ut labore adipisci occaecati. Ut id pariatur repellat. Quo totam distinctio cumque amet incidunt rerum quas eos.', 0, '2021-05-02 23:40:40', '2021-05-02 23:40:40'),
(53, 31, 'Marquis Ernser', 'Veritatis eligendi omnis fugiat explicabo ut. Eaque quos dignissimos officiis quia est. Libero et nihil doloribus ut. Nemo sed minima velit sed pariatur.', 0, '2021-05-02 23:40:40', '2021-05-02 23:40:40'),
(54, 7, 'Samson Marks III', 'Optio ducimus aut voluptatem eligendi. Sunt sit totam veniam modi.', 5, '2021-05-02 23:40:40', '2021-05-02 23:40:40'),
(55, 93, 'Heather Hackett', 'Occaecati hic aliquid iste rerum. Voluptates unde inventore dolorem fugit laborum. Sint laborum aut minima.', 4, '2021-05-02 23:40:40', '2021-05-02 23:40:40'),
(56, 67, 'Betsy Koelpin', 'Minima blanditiis suscipit nisi et aspernatur. Sed exercitationem quidem voluptas qui alias facere fugit placeat. Culpa praesentium provident quibusdam possimus itaque maxime voluptatum. Qui similique veritatis omnis minus quae nemo voluptas.', 2, '2021-05-02 23:40:40', '2021-05-02 23:40:40'),
(57, 7, 'Jason Denesik', 'Non vitae vitae non ipsam magni sed temporibus nisi. Officia vel ratione commodi suscipit consequatur. Dolorum laborum dolores vitae veritatis est.', 1, '2021-05-02 23:40:40', '2021-05-02 23:40:40'),
(58, 16, 'Kara Altenwerth', 'Et dicta officia tenetur. Numquam delectus qui molestias voluptates et. Vel mollitia est numquam.', 5, '2021-05-02 23:40:41', '2021-05-02 23:40:41'),
(59, 57, 'Georgette Cassin', 'At quidem fugiat harum quia quasi adipisci. Dolorem voluptas reprehenderit voluptatum consequatur odio veniam. Vel dolores laboriosam qui explicabo ab. Alias quae quis commodi cumque. In enim ea ad iure.', 1, '2021-05-02 23:40:41', '2021-05-02 23:40:41'),
(60, 91, 'Ulices Labadie', 'Velit qui eum commodi ut rem et. Ut asperiores numquam omnis atque pariatur placeat. Tempore quod veritatis nihil sint id debitis nemo. Natus doloremque sunt officia deserunt quia eligendi.', 2, '2021-05-02 23:40:41', '2021-05-02 23:40:41'),
(61, 96, 'Dr. Michelle Schimmel', 'Expedita qui eos autem non. Ea eius vitae ipsa nesciunt repellat praesentium ut.', 0, '2021-05-02 23:40:41', '2021-05-02 23:40:41'),
(62, 66, 'Prof. Elwyn Zboncak', 'Est aliquam et et aut. Placeat sint assumenda rem dolorum. Rerum reiciendis non fugiat esse quo accusantium.', 4, '2021-05-02 23:40:41', '2021-05-02 23:40:41'),
(63, 29, 'Tiana Keebler', 'Distinctio architecto dicta voluptate illum. Ab dolores sed molestiae suscipit tenetur et laboriosam.', 5, '2021-05-02 23:40:41', '2021-05-02 23:40:41'),
(64, 29, 'Easton Harber', 'Animi non nisi unde sed ut harum. Sed provident ut quas facilis doloremque quae. Et praesentium nobis eligendi quod eligendi. Exercitationem odit tenetur aut culpa animi et.', 2, '2021-05-02 23:40:41', '2021-05-02 23:40:41'),
(65, 61, 'Nikko O\'Hara', 'Quia dolores aliquid id ad vitae officia placeat occaecati. Est nam dolorem ut doloribus non reprehenderit iste. Hic qui mollitia nam dolor eius. Ea eum quo nulla sunt.', 0, '2021-05-02 23:40:41', '2021-05-02 23:40:41'),
(66, 39, 'Ursula Beer', 'Quam nam placeat esse animi quo at enim sint. Nobis labore dolore sit voluptate aut soluta. Quasi voluptates et in veniam eveniet. Corrupti et consequuntur ex qui laudantium modi animi.', 5, '2021-05-02 23:40:41', '2021-05-02 23:40:41'),
(67, 9, 'Prof. Torey West PhD', 'Animi sed incidunt in totam minus molestias numquam. Veritatis consequuntur quae saepe eligendi est tempora. Ut quia delectus aut porro. Iste distinctio eius modi.', 2, '2021-05-02 23:40:41', '2021-05-02 23:40:41'),
(68, 53, 'Mandy Koepp', 'Ipsum est voluptate dolores velit et. Possimus inventore voluptatibus quis. Iure aut sit nobis illum ut voluptatum. Sapiente eveniet praesentium velit voluptatum aperiam omnis.', 2, '2021-05-02 23:40:41', '2021-05-02 23:40:41'),
(69, 27, 'Velma Sauer', 'Et itaque vitae iure aut ab nulla. Et non ea autem omnis. Id fuga quidem et aperiam ex. Aut excepturi voluptas laudantium quas eligendi veniam omnis.', 4, '2021-05-02 23:40:41', '2021-05-02 23:40:41'),
(70, 86, 'Dr. Samara Rolfson DVM', 'Vel saepe odio harum. Explicabo est voluptatibus quis eius. Ducimus dicta mollitia sequi molestias omnis molestiae sint.', 1, '2021-05-02 23:40:41', '2021-05-02 23:40:41'),
(71, 32, 'Ms. Tessie Bergnaum IV', 'Sit quas sed assumenda soluta itaque animi sunt. Nostrum ut a deserunt blanditiis quae. Voluptas quis et inventore explicabo unde. Vero quo aperiam eum natus reprehenderit facilis.', 3, '2021-05-02 23:40:41', '2021-05-02 23:40:41'),
(72, 40, 'Miss Gabrielle Leffler DDS', 'Commodi omnis ut unde et. Architecto et reprehenderit iusto dignissimos voluptatem. Quidem provident expedita nisi. Nihil explicabo qui sequi commodi.', 2, '2021-05-02 23:40:42', '2021-05-02 23:40:42'),
(73, 59, 'Shaylee Gleason', 'Corrupti enim dicta nihil hic cupiditate sunt similique. Non in aliquam aspernatur non numquam. Ea consequatur voluptate esse. Quae error voluptate quasi et. Sit enim dolores voluptatum.', 0, '2021-05-02 23:40:42', '2021-05-02 23:40:42'),
(74, 22, 'Haylie Fay', 'Hic in sed consequatur est ut molestias. Mollitia laboriosam inventore dignissimos ipsa deserunt. Doloremque similique corporis aliquid et dignissimos.', 2, '2021-05-02 23:40:42', '2021-05-02 23:40:42'),
(75, 79, 'Baylee Crist', 'Veritatis libero accusamus alias iusto magnam dignissimos incidunt. Possimus accusantium eos facere harum numquam et. Ipsam reiciendis quia consequatur reiciendis ab. Harum nemo quibusdam voluptatibus voluptates officiis.', 0, '2021-05-02 23:40:42', '2021-05-02 23:40:42'),
(76, 33, 'Santiago Zulauf', 'Sed ea corporis asperiores consequuntur voluptates rerum explicabo. Dignissimos et odit alias maiores. Laudantium delectus nihil placeat inventore sunt.', 2, '2021-05-02 23:40:42', '2021-05-02 23:40:42'),
(77, 45, 'Katharina Welch', 'Libero esse aliquid tenetur. Aliquid sit laboriosam dicta odit porro quia consequatur. Aut molestias ducimus deserunt est distinctio. Vitae iste quibusdam dolorem eos.', 5, '2021-05-02 23:40:42', '2021-05-02 23:40:42'),
(78, 6, 'Stephen Smith Sr.', 'Reiciendis perspiciatis reprehenderit sunt a consectetur laboriosam. Exercitationem dolorem eos atque ut et. Quia voluptatibus et est.', 2, '2021-05-02 23:40:43', '2021-05-02 23:40:43'),
(79, 65, 'Kellie Connelly', 'Magnam id tenetur ut ipsam non est quia. Sint quas minus molestias autem alias sapiente at. Illum facere sit perspiciatis vitae. Aut cumque quibusdam provident quo deserunt distinctio.', 0, '2021-05-02 23:40:43', '2021-05-02 23:40:43'),
(80, 70, 'Prof. Rex Block', 'Natus quod facere vel autem sed voluptates. Itaque velit praesentium voluptatem. Quas dolor sed nihil quia provident deleniti consequatur. Quis possimus non rem corporis.', 3, '2021-05-02 23:40:43', '2021-05-02 23:40:43'),
(81, 35, 'Jeramie Koepp', 'Consequatur sit quia aperiam quibusdam illo dignissimos. Sunt provident autem aut vero a voluptas. Atque dolorem sit sequi quos. Et consectetur in consectetur suscipit expedita.', 4, '2021-05-02 23:40:43', '2021-05-02 23:40:43'),
(82, 4, 'Geo Rosenbaum', 'Asperiores aut velit blanditiis. Est possimus autem id. Ipsam asperiores harum quo doloremque aspernatur voluptatem eveniet. Nam accusamus voluptatem earum et est sit.', 3, '2021-05-02 23:40:43', '2021-05-02 23:40:43'),
(83, 44, 'Miss Creola Bartell V', 'Saepe quasi dicta porro nesciunt optio voluptatem corporis. Aut cupiditate et doloribus eos. Ducimus tempora tempore cupiditate delectus. Voluptate est ut dolores consectetur dolore.', 2, '2021-05-02 23:40:43', '2021-05-02 23:40:43'),
(84, 72, 'Sydnie Walker', 'Eius numquam assumenda impedit quidem. Est id eaque exercitationem reprehenderit. Similique dolorum quod architecto non a harum. Sint eaque maxime et deserunt.', 1, '2021-05-02 23:40:43', '2021-05-02 23:40:43'),
(85, 33, 'Hans Schowalter', 'Aliquam suscipit dignissimos adipisci veritatis nemo. Expedita odio unde harum impedit ad.', 3, '2021-05-02 23:40:43', '2021-05-02 23:40:43'),
(86, 6, 'Mrs. Delfina Jakubowski DDS', 'Suscipit sed dignissimos nihil qui voluptatem natus quia. Ut incidunt numquam dolore vero. Eum molestiae quisquam placeat praesentium porro dolor.', 5, '2021-05-02 23:40:43', '2021-05-02 23:40:43'),
(87, 29, 'Prof. Clement Windler', 'Velit ex vero ut at. Autem est veniam ea deleniti numquam. Dolor qui et distinctio dolorum voluptatem.', 0, '2021-05-02 23:40:43', '2021-05-02 23:40:43'),
(88, 35, 'Donato Howe', 'Tempora voluptas nihil enim aperiam molestiae. Nesciunt repellat molestiae quasi.', 1, '2021-05-02 23:40:43', '2021-05-02 23:40:43'),
(89, 60, 'Ms. Maiya Swift Sr.', 'Magni mollitia quis odit assumenda maiores cupiditate qui. Asperiores quia quo voluptas facere laudantium cum voluptatem. Ab eum et consequatur amet ducimus ducimus iste voluptate. Omnis tempora et magni non earum ea. Dolorum natus doloremque facere assumenda sit.', 5, '2021-05-02 23:40:43', '2021-05-02 23:40:43'),
(90, 69, 'Dr. Isobel Rohan', 'Exercitationem laborum magnam nostrum eos hic vitae cum. Molestiae repudiandae quo sed. Similique quasi tempora ipsam placeat. Porro magni aut nihil.', 2, '2021-05-02 23:40:43', '2021-05-02 23:40:43'),
(91, 15, 'Brenda Senger', 'Facere deleniti tempore velit et et rem possimus. Deleniti omnis et enim. Dolorem provident non corrupti voluptatem similique.', 0, '2021-05-02 23:40:43', '2021-05-02 23:40:43'),
(92, 99, 'Hayden Huel V', 'Tempore dolore qui quae officiis voluptatem explicabo. Perferendis qui voluptatem soluta voluptatem officiis dolorem praesentium. Minima et quos nesciunt fugit.', 0, '2021-05-02 23:40:44', '2021-05-02 23:40:44'),
(93, 89, 'Letitia Hoppe', 'Fuga soluta a sunt dicta quod expedita. Sed dolor soluta accusamus officiis. Qui sed aspernatur dolor cum. Iure quaerat quia velit non enim pariatur aliquid.', 4, '2021-05-02 23:40:44', '2021-05-02 23:40:44'),
(94, 81, 'Abdiel Watsica', 'Est dignissimos a non dolorem consequatur maxime eveniet. Optio porro et quia quos ratione corporis consequatur ut. Rerum quia ea officiis et. Quasi velit quia aut ut distinctio.', 0, '2021-05-02 23:40:44', '2021-05-02 23:40:44'),
(95, 24, 'Linda Hill', 'Ut et non vitae saepe. Impedit illo voluptas nemo aut soluta enim. Explicabo mollitia qui dolorem quidem eos sed. Iste voluptatibus et autem sit rerum odio.', 1, '2021-05-02 23:40:44', '2021-05-02 23:40:44'),
(96, 30, 'Ms. Odie Price III', 'Dolor ad est et voluptatem omnis ipsum magni. Qui cupiditate occaecati eligendi dignissimos molestiae. Sed neque assumenda hic ea.', 1, '2021-05-02 23:40:44', '2021-05-02 23:40:44'),
(97, 54, 'Mike Cronin', 'Error quia dignissimos odit quas. Id nostrum maiores sequi qui nobis quaerat. Eum autem voluptatibus quis animi voluptatem.', 2, '2021-05-02 23:40:44', '2021-05-02 23:40:44'),
(98, 82, 'Prof. Aurore Satterfield', 'Cumque ut nam minus incidunt et. Voluptas et occaecati quia omnis.', 4, '2021-05-02 23:40:44', '2021-05-02 23:40:44'),
(99, 15, 'Rosina Pouros', 'Esse vero est explicabo totam officia. Autem amet saepe et ipsum deleniti rerum ut non.', 1, '2021-05-02 23:40:44', '2021-05-02 23:40:44'),
(100, 87, 'Mr. Hans Swaniawski Sr.', 'Dolores nihil ex qui architecto enim nobis autem. Ut ipsam qui voluptatum quaerat et voluptatibus veritatis alias. Debitis aut odit nemo voluptatem. Veniam quia maiores quia ut neque.', 3, '2021-05-02 23:40:44', '2021-05-02 23:40:44'),
(101, 40, 'Prof. Dean Schmitt DDS', 'Dicta animi dolores ullam nulla voluptatem. Dignissimos et voluptas nulla voluptas. Ea et nisi aspernatur ipsum facere omnis. Voluptatem nihil repellat est ea quia consequatur consequuntur veritatis. Nobis atque aliquam corporis molestiae tempora.', 2, '2021-05-02 23:40:44', '2021-05-02 23:40:44'),
(102, 81, 'Miss Maiya Gusikowski IV', 'Rerum eum eos inventore voluptates. Debitis quisquam neque officia accusantium enim. Dolor quisquam quia porro et consequatur accusamus. Et autem numquam qui.', 0, '2021-05-02 23:40:44', '2021-05-02 23:40:44'),
(103, 60, 'Cara Schultz', 'Exercitationem nihil perferendis accusamus. Commodi architecto dolores adipisci sit rerum. Et incidunt et quis quibusdam eos suscipit.', 4, '2021-05-02 23:40:44', '2021-05-02 23:40:44'),
(104, 3, 'Drew Rice', 'Quos provident libero ut autem magni eos vero amet. Non molestiae aliquam delectus perferendis labore. Quisquam mollitia fugit iure aperiam adipisci sunt quod.', 4, '2021-05-02 23:40:44', '2021-05-02 23:40:44'),
(105, 18, 'Jarvis Stroman', 'Asperiores quae eos explicabo. Iure cupiditate repudiandae in sed dolore voluptas tempora. Quis ipsum autem vel dolorem corporis. Nobis dolor nostrum et exercitationem laudantium repellat odio ipsam. Rerum qui nulla eos asperiores aut omnis.', 3, '2021-05-02 23:40:44', '2021-05-02 23:40:44'),
(106, 51, 'Walter Kozey', 'Nihil minima ex sed rerum enim nobis. Omnis eum tempora est exercitationem rerum deserunt. Ratione non cupiditate culpa culpa. Dolorum labore perferendis aut quo error qui vero.', 0, '2021-05-02 23:40:44', '2021-05-02 23:40:44'),
(107, 44, 'Ms. Germaine Sipes MD', 'Nobis impedit dolores enim aut veniam dolor. Atque quos molestias qui mollitia officia nisi nostrum. Commodi sunt quia unde aliquid odio voluptatibus.', 4, '2021-05-02 23:40:44', '2021-05-02 23:40:44'),
(108, 87, 'Kale Pouros', 'Consequuntur iste omnis quas sapiente voluptatem nobis. Excepturi eligendi velit consequatur sit cumque. Placeat fugiat tempore natus repellat.', 3, '2021-05-02 23:40:44', '2021-05-02 23:40:44'),
(109, 87, 'Ashton Brakus', 'Deleniti est voluptates eius inventore tenetur fuga ut possimus. Necessitatibus illum odit nemo nihil et.', 4, '2021-05-02 23:40:44', '2021-05-02 23:40:44'),
(110, 2, 'Laverne Krajcik', 'Natus accusantium nemo tempora ipsum eum. Soluta aut culpa qui rem. Incidunt necessitatibus fugiat quae voluptas deserunt assumenda qui. Et recusandae facilis eligendi ex illo voluptatem.', 1, '2021-05-02 23:40:44', '2021-05-02 23:40:44'),
(111, 6, 'Dr. Alycia Mante', 'Veniam sunt aliquam neque quos. Velit recusandae fuga officiis sint. Quas delectus consequuntur est placeat culpa. Libero facere deserunt harum eius eveniet est rem.', 5, '2021-05-02 23:40:44', '2021-05-02 23:40:44'),
(112, 19, 'Ida Hayes', 'Ut facere enim beatae temporibus animi eum perferendis. Nemo omnis debitis doloremque expedita fuga libero. Et id voluptatem harum incidunt.', 3, '2021-05-02 23:40:45', '2021-05-02 23:40:45'),
(113, 98, 'Miss Trudie Lind DDS', 'Omnis atque amet rerum qui ex repellat ullam. Enim voluptatum ut autem sequi at sapiente. Laborum vitae adipisci id explicabo non fugiat magnam.', 3, '2021-05-02 23:40:45', '2021-05-02 23:40:45'),
(114, 97, 'Ms. Jeanne Runolfsson IV', 'Magnam non officia necessitatibus minima facere vitae. Provident quia non nam est fuga ad unde. Libero sint voluptas temporibus. Ipsam consequatur ipsum error accusamus ipsam laudantium.', 5, '2021-05-02 23:40:45', '2021-05-02 23:40:45'),
(115, 30, 'Merlin Kling IV', 'Voluptatum qui architecto quidem delectus natus porro. Velit blanditiis autem reprehenderit. Ad nihil dolor repudiandae nostrum nesciunt aspernatur consequuntur.', 5, '2021-05-02 23:40:45', '2021-05-02 23:40:45'),
(116, 87, 'Faye Parker', 'Cumque ipsum aut ducimus sapiente dolores qui voluptatem. Dicta laborum debitis ea dolores id consequatur ipsum. Aut facilis quasi numquam sunt debitis at eligendi.', 3, '2021-05-02 23:40:45', '2021-05-02 23:40:45'),
(117, 63, 'Emile Sawayn', 'Asperiores dolorem fugiat quis mollitia natus esse. Quia accusantium praesentium sed quam. Commodi aliquid ut nihil sunt consectetur.', 5, '2021-05-02 23:40:45', '2021-05-02 23:40:45'),
(118, 53, 'Mack Thompson', 'Nobis blanditiis sit ut nihil facilis. Et neque a omnis fugiat. Debitis amet incidunt animi omnis magni. Quo eum exercitationem nam doloremque molestiae dolor ut.', 0, '2021-05-02 23:40:45', '2021-05-02 23:40:45'),
(119, 6, 'Miss Fae Erdman', 'Reiciendis dolores eveniet quisquam voluptatem cupiditate iste odio. Earum nobis qui dicta. Quis aut voluptas voluptatibus ea voluptatem ut iure. Voluptates nihil consequatur perferendis ea facilis nostrum sapiente adipisci.', 0, '2021-05-02 23:40:45', '2021-05-02 23:40:45'),
(120, 7, 'Janelle Quigley', 'Et molestiae provident unde quia. Distinctio enim consequatur perspiciatis magnam.', 2, '2021-05-02 23:40:45', '2021-05-02 23:40:45'),
(121, 87, 'Ms. Dayana Nader', 'Non eum voluptatem expedita eum suscipit libero modi. Impedit temporibus aut veritatis ab. Harum dolores repellat deserunt quis et. Ea recusandae quas tempora reiciendis illum aspernatur quisquam.', 1, '2021-05-02 23:40:45', '2021-05-02 23:40:45'),
(122, 73, 'Jevon Hoeger', 'Et voluptas numquam voluptates ut sed. Debitis qui qui laborum officiis repellat non. Ab culpa magnam alias quasi. Numquam consequatur alias corrupti autem molestiae voluptate.', 5, '2021-05-02 23:40:45', '2021-05-02 23:40:45'),
(123, 99, 'Dr. Lilian Walsh', 'Vitae cumque aperiam velit qui dignissimos repudiandae accusamus. Quidem ad qui error architecto. Beatae quia in veritatis. Aliquid est et tenetur ullam rerum.', 3, '2021-05-02 23:40:45', '2021-05-02 23:40:45'),
(124, 3, 'Reuben Renner', 'Iure totam nulla dolorem facere sed enim quaerat. Sint officiis ut et aliquam eius in aut. Soluta cum dolore debitis.', 2, '2021-05-02 23:40:45', '2021-05-02 23:40:45'),
(125, 33, 'Lavern Bosco', 'Ipsam et ut impedit eum autem ipsam. Rerum ut blanditiis nihil earum ullam cupiditate temporibus. Dolores sapiente ad sapiente est saepe provident fugiat. Aperiam dolores quae possimus nobis aliquid omnis ipsum.', 2, '2021-05-02 23:40:45', '2021-05-02 23:40:45'),
(126, 21, 'Carolanne Kerluke', 'Aut quibusdam blanditiis corporis beatae consequatur et. Illum velit perferendis nihil et. Aut atque officiis hic dicta at et. Quibusdam tempore suscipit quia mollitia. Quaerat sed placeat quo et est nihil.', 5, '2021-05-02 23:40:45', '2021-05-02 23:40:45'),
(127, 71, 'Miss Lavada Thompson I', 'Possimus labore at ut minus eius sunt magnam. Delectus quibusdam quasi voluptas aut est. Qui praesentium et et in.', 3, '2021-05-02 23:40:45', '2021-05-02 23:40:45'),
(128, 34, 'Torey Hessel', 'Consequatur reprehenderit sed quae enim harum exercitationem voluptas. Nam ducimus nemo molestias delectus quo nam. Sint consequatur voluptas et non non consequuntur soluta temporibus.', 1, '2021-05-02 23:40:45', '2021-05-02 23:40:45'),
(129, 35, 'Rachael Schulist', 'Perspiciatis blanditiis quia cum. Maxime non quod voluptas fugiat eos laudantium repudiandae. Asperiores repudiandae cupiditate eius voluptatem praesentium sunt.', 3, '2021-05-02 23:40:45', '2021-05-02 23:40:45'),
(130, 100, 'Gwen Kessler', 'Non maxime cumque dolores voluptatem. Nemo dignissimos qui ea ut voluptates odio. Delectus quaerat unde nemo et quibusdam molestias dolorum. Rerum minus aut libero quibusdam et quam.', 0, '2021-05-02 23:40:45', '2021-05-02 23:40:45'),
(131, 40, 'Ayana Koepp', 'Non ex veritatis magnam nam. Soluta consequuntur molestias enim et esse modi. Et iusto enim ex facere nostrum laudantium.', 1, '2021-05-02 23:40:45', '2021-05-02 23:40:45'),
(132, 43, 'Dolores Nitzsche', 'Cupiditate quia neque aspernatur esse optio aperiam amet. Laboriosam non nulla consequatur quia. Ut rerum quidem est eum veniam. Eos in voluptatem autem neque id ipsam. Id fugiat minus et aliquam rerum qui rerum.', 2, '2021-05-02 23:40:45', '2021-05-02 23:40:45'),
(133, 95, 'Freida Becker Jr.', 'Odit rerum omnis voluptatibus quos ut aliquam labore. Aut dolores atque dolore cum iusto expedita. Inventore labore nulla ea atque ea est.', 3, '2021-05-02 23:40:46', '2021-05-02 23:40:46'),
(134, 39, 'Ernie Hammes', 'Ex omnis qui dolore voluptas rerum velit aut. Quis dolorem architecto sint maiores doloremque. Qui doloremque consectetur quisquam quam explicabo suscipit. Eos id ratione minus molestiae.', 5, '2021-05-02 23:40:46', '2021-05-02 23:40:46'),
(135, 85, 'Therese Connelly', 'Facere totam sapiente consequatur qui similique. Vitae nisi dignissimos aut eos sed quas. Et error minima dolor molestiae quod odit.', 3, '2021-05-02 23:40:46', '2021-05-02 23:40:46'),
(136, 16, 'Dr. Davonte Hermann Sr.', 'Qui et aliquid illum quam. Architecto vel dolores nihil quo in et voluptate. Et aut recusandae error dolores maxime. Ipsam non consequatur ipsa est deserunt.', 4, '2021-05-02 23:40:46', '2021-05-02 23:40:46'),
(137, 94, 'Everardo Gulgowski', 'Velit hic aut vero sint non. Mollitia corporis velit adipisci sit itaque quia dolorum nulla. Pariatur quia harum vel itaque fugiat quaerat. Officiis quia commodi blanditiis ut.', 3, '2021-05-02 23:40:46', '2021-05-02 23:40:46'),
(138, 57, 'Dr. Viviane Hegmann', 'Culpa sapiente ipsam autem quia nostrum error temporibus. Sed maxime sit quos numquam. Atque mollitia sint praesentium illo impedit aut.', 4, '2021-05-02 23:40:46', '2021-05-02 23:40:46'),
(139, 25, 'Jeramie Marvin', 'Enim placeat tenetur magnam enim impedit ipsam. Sit accusantium veniam pariatur quia. Quas vero pariatur molestiae quas. Tenetur assumenda mollitia et magni quo quaerat iste tempore.', 1, '2021-05-02 23:40:46', '2021-05-02 23:40:46'),
(140, 5, 'Francesca McCullough V', 'Nobis nihil sunt officiis quam illo ea. Cum ullam et laudantium illum et voluptatum atque. Nobis laudantium similique porro placeat.', 0, '2021-05-02 23:40:46', '2021-05-02 23:40:46'),
(141, 69, 'Mrs. Amber Stamm', 'Ut ratione nesciunt ipsum omnis nihil neque. Quas ut totam et dignissimos quod et. In necessitatibus fugit eos saepe numquam.', 1, '2021-05-02 23:40:46', '2021-05-02 23:40:46'),
(142, 66, 'Joelle Volkman', 'Commodi autem dolor cum non eaque autem et. Facere cumque rerum facilis facilis et recusandae fuga vel. Dolorem harum quibusdam blanditiis aut reprehenderit qui harum voluptatem. Voluptatum sapiente voluptas sed voluptatem.', 4, '2021-05-02 23:40:46', '2021-05-02 23:40:46'),
(143, 71, 'Rosalee Johnson', 'Dicta molestias deleniti nulla esse hic consequuntur impedit eos. Vel veritatis voluptas ipsum reiciendis laudantium iure nisi. Ex aliquid sequi minus error. Repellat dolores veniam cupiditate eius perspiciatis commodi eaque.', 4, '2021-05-02 23:40:46', '2021-05-02 23:40:46'),
(144, 61, 'Amalia Marvin', 'Consectetur soluta dolorem at velit iure eaque. Est facere quidem nam voluptatum nam voluptas. Quia explicabo expedita repellat dolores voluptas laborum.', 3, '2021-05-02 23:40:46', '2021-05-02 23:40:46'),
(145, 69, 'Dr. Danielle Stamm DDS', 'Culpa est recusandae veritatis rerum expedita. Voluptatem similique aut laboriosam corrupti et aliquid. Aspernatur omnis sunt voluptate repudiandae. Voluptatem consequuntur voluptas cupiditate eligendi.', 2, '2021-05-02 23:40:46', '2021-05-02 23:40:46'),
(146, 25, 'Jerry Homenick', 'Ipsam dolor aut incidunt sit vel. Repellendus quo reprehenderit doloribus nihil facere alias ea. Dolorem et nobis ut soluta a et sunt labore. Atque magnam ut voluptatem deleniti.', 3, '2021-05-02 23:40:46', '2021-05-02 23:40:46'),
(147, 27, 'Brennon Ankunding I', 'Voluptatum illo fugit repellat laudantium mollitia non. Et dolorem placeat cupiditate cumque enim sit. Neque magnam cumque a enim deleniti voluptas.', 2, '2021-05-02 23:40:46', '2021-05-02 23:40:46'),
(148, 58, 'Mr. Ismael Leffler', 'Quas quia ut voluptates sed. Dolores quas veniam ut possimus et. Porro aut aut corporis optio. At sint voluptas quaerat.', 3, '2021-05-02 23:40:46', '2021-05-02 23:40:46'),
(149, 6, 'Jesus Wilderman III', 'Nisi quos ad beatae. Molestiae harum soluta aliquam omnis. Aut animi et sed consectetur ea. Iste aliquid asperiores a magni.', 5, '2021-05-02 23:40:47', '2021-05-02 23:40:47'),
(150, 36, 'Cassie Bode DVM', 'Provident placeat rerum nihil laboriosam nihil saepe ut est. Eos sint excepturi eligendi porro omnis itaque labore. A ipsum dolor magnam quis rem dolore. Sunt aut sit eum fuga.', 1, '2021-05-02 23:40:47', '2021-05-02 23:40:47'),
(151, 5, 'Jasmin Boehm', 'Saepe tempora ab quidem. Excepturi suscipit consectetur pariatur voluptatum non. Soluta ea et cupiditate inventore aut qui.', 5, '2021-05-02 23:40:47', '2021-05-02 23:40:47'),
(152, 88, 'Dr. Lionel Pagac Jr.', 'Quia ex rem deserunt culpa ut dolorem praesentium. Voluptatibus accusamus consequuntur temporibus minima neque. Voluptatum repellendus mollitia dolores sunt velit.', 1, '2021-05-02 23:40:47', '2021-05-02 23:40:47'),
(153, 81, 'Jack Ondricka DVM', 'Exercitationem ea reiciendis voluptate recusandae atque et omnis voluptatum. Assumenda sunt aperiam et nesciunt consectetur. Maxime sit id voluptate id provident dolorum. Accusamus aut est quam nemo. Ab amet consequatur aut qui voluptas neque.', 0, '2021-05-02 23:40:47', '2021-05-02 23:40:47'),
(154, 39, 'Ms. Sallie Schamberger', 'Officiis neque culpa voluptatem nobis repellat. Deleniti nobis aperiam optio occaecati qui numquam. Quia laboriosam ut accusamus atque consequatur at. Quisquam quidem pariatur consequatur architecto aspernatur eligendi dolores.', 1, '2021-05-02 23:40:47', '2021-05-02 23:40:47'),
(155, 38, 'Prof. Dell Bashirian', 'Provident ad rerum omnis non dolores nemo. Molestiae unde omnis occaecati qui vitae tempora veritatis. Numquam ipsum ipsum quasi sunt possimus.', 4, '2021-05-02 23:40:47', '2021-05-02 23:40:47'),
(156, 68, 'Dolores Hermiston', 'Dolor nemo repudiandae esse qui. Aspernatur omnis perferendis sequi consequatur sit.', 3, '2021-05-02 23:40:47', '2021-05-02 23:40:47'),
(157, 19, 'Prof. Tressie Frami', 'Est et exercitationem quidem pariatur tempore. Qui omnis quia earum. Provident et facere dolorem iure quis. Fuga optio ut nisi aperiam eveniet illo id dicta.', 2, '2021-05-02 23:40:47', '2021-05-02 23:40:47'),
(158, 25, 'Shayne Leannon', 'Aliquid beatae et earum rerum voluptatibus sunt. A quia recusandae ab doloribus veritatis placeat eaque. Iste distinctio quis dolores.', 3, '2021-05-02 23:40:47', '2021-05-02 23:40:47'),
(159, 38, 'Xander Labadie', 'Commodi voluptatum dolorem delectus ut at. Omnis aperiam voluptatem nihil neque quod. Vel qui dolor autem quibusdam. Illo quae quo illum consequatur quasi ut dolore.', 2, '2021-05-02 23:40:47', '2021-05-02 23:40:47'),
(160, 98, 'Dudley Reichel', 'Ad distinctio qui quia quas mollitia distinctio vero. Soluta dolore culpa voluptates aliquam. Maiores vel officia nihil amet vel quibusdam.', 1, '2021-05-02 23:40:47', '2021-05-02 23:40:47'),
(161, 28, 'Bridget Russel II', 'Rerum nesciunt facere omnis. Quia ad qui a. Odit soluta officiis repudiandae quidem recusandae neque libero. Culpa nostrum dolore neque reprehenderit eligendi.', 2, '2021-05-02 23:40:47', '2021-05-02 23:40:47'),
(162, 33, 'Julio Abbott I', 'Qui maxime est qui. Ipsum beatae inventore et soluta velit. Et fuga numquam atque. Eveniet voluptates vel et praesentium repellendus omnis id.', 1, '2021-05-02 23:40:48', '2021-05-02 23:40:48'),
(163, 28, 'Mr. Koby Senger V', 'Impedit possimus sit sint deleniti blanditiis. Non quo qui veritatis eius atque repudiandae atque. Et fugit laudantium nam quia sed qui exercitationem.', 1, '2021-05-02 23:40:48', '2021-05-02 23:40:48'),
(164, 7, 'Audreanne Miller', 'Voluptas sunt quis dignissimos facere sequi minima. Tenetur necessitatibus qui aut qui eos et.', 2, '2021-05-02 23:40:48', '2021-05-02 23:40:48'),
(165, 67, 'Kenyatta Heathcote V', 'Laboriosam facilis aut ipsa labore ut esse quis. Et possimus suscipit ut dolorem in. Totam non vel similique atque. Similique culpa impedit reprehenderit est.', 1, '2021-05-02 23:40:48', '2021-05-02 23:40:48'),
(166, 34, 'Jimmie McKenzie Sr.', 'Veritatis est odio temporibus odio molestiae mollitia qui. Provident eius perspiciatis qui ea veritatis atque labore.', 0, '2021-05-02 23:40:48', '2021-05-02 23:40:48'),
(167, 12, 'Mrs. Pauline Lubowitz', 'Exercitationem iste quibusdam quas dolores ut qui odit. Laudantium earum laboriosam dignissimos. Eius ipsum molestiae quos consectetur. Occaecati nisi earum similique.', 5, '2021-05-02 23:40:48', '2021-05-02 23:40:48'),
(168, 17, 'Benedict Hegmann', 'Enim sit molestias earum facilis et est iure. Dolorum sed qui nostrum excepturi veniam aut. Accusantium odio veritatis et pariatur quod dolorum aliquid.', 3, '2021-05-02 23:40:48', '2021-05-02 23:40:48'),
(169, 1, 'Dr. Aiden Hane', 'Dolorum rerum consequuntur quibusdam eos nesciunt. Provident aut esse sequi ad non sit repellat. Eum earum aut asperiores.', 1, '2021-05-02 23:40:48', '2021-05-02 23:40:48'),
(170, 13, 'Lela Stark', 'Sapiente eaque quia dignissimos eum ad maxime dignissimos est. Ratione repellendus nobis et aut consequatur. Fuga enim sed enim sint.', 4, '2021-05-02 23:40:48', '2021-05-02 23:40:48'),
(171, 84, 'Kayleigh Bergnaum', 'Nisi vitae dolorem aut nulla in eligendi temporibus. Et necessitatibus voluptatibus nesciunt. Omnis qui earum ut sed magni officiis. Rerum rem ut mollitia velit amet perspiciatis.', 3, '2021-05-02 23:40:48', '2021-05-02 23:40:48'),
(172, 64, 'Aric Hessel', 'Dolorem asperiores fugiat aut voluptas in quia magni. Laudantium aut architecto veniam itaque eos. Et impedit ipsum quis iste voluptate occaecati natus.', 5, '2021-05-02 23:40:48', '2021-05-02 23:40:48'),
(173, 84, 'Mr. Hazel Blanda Jr.', 'Et fugiat ipsa quibusdam accusantium ipsum qui. Nemo eum accusamus sunt quaerat. Ea temporibus voluptatem reiciendis consequatur accusantium nobis at. Ipsum cupiditate dolores ut facere sequi error eos quod.', 0, '2021-05-02 23:40:48', '2021-05-02 23:40:48'),
(174, 23, 'Margaret Hoppe', 'Velit est excepturi illum quaerat quis nostrum. Quasi quod ab et esse velit. Dolorem cumque doloribus magnam quos dignissimos in tempore. Illo minima tempora dolorum quaerat voluptatibus molestiae minus.', 4, '2021-05-02 23:40:48', '2021-05-02 23:40:48'),
(175, 59, 'Louvenia Prosacco', 'Deserunt laborum quis aut pariatur error quisquam. Ut labore ipsum distinctio error consequatur eos natus. Iusto mollitia ab aperiam voluptatem est nulla et. Vel ab excepturi sit et.', 2, '2021-05-02 23:40:48', '2021-05-02 23:40:48'),
(176, 78, 'Dr. Macey Schowalter', 'Itaque qui alias quia amet voluptatibus illum. Qui et beatae qui ratione et. Velit aliquid nobis accusantium porro. A quia ex dignissimos exercitationem pariatur. Enim est fugiat provident dolor optio et et.', 1, '2021-05-02 23:40:49', '2021-05-02 23:40:49'),
(177, 68, 'Dr. Yasmine Kiehn', 'Est qui dolor temporibus nulla dicta. Quas magni cum est ex perspiciatis. Voluptates omnis id minus rerum. Provident labore laboriosam quae quo.', 4, '2021-05-02 23:40:49', '2021-05-02 23:40:49'),
(178, 55, 'Ms. Felicita Hoeger', 'Sequi consequatur et doloremque et ut. Qui iure debitis suscipit et ipsum porro est. Reprehenderit nam ut iste laudantium ducimus vitae ut.', 3, '2021-05-02 23:40:49', '2021-05-02 23:40:49'),
(179, 33, 'Dr. Mabelle Pagac', 'Odit nihil reprehenderit adipisci dolor vel sapiente consequatur. Dolorem placeat ut rem commodi. Eaque quia delectus ipsam.', 0, '2021-05-02 23:40:49', '2021-05-02 23:40:49'),
(180, 14, 'Prof. Peter Boehm III', 'Eum quae voluptas facere ad recusandae. Eligendi enim qui consequatur eos. Provident at voluptate eaque beatae.', 5, '2021-05-02 23:40:49', '2021-05-02 23:40:49'),
(181, 35, 'Abdiel Greenholt', 'Numquam minima quidem ut qui consequuntur consequatur commodi. Magnam sapiente unde dolore eaque quo quae laudantium. Officiis nihil qui sed aut enim. Quia dolorem qui odio atque.', 0, '2021-05-02 23:40:49', '2021-05-02 23:40:49'),
(182, 14, 'Ricky Ziemann', 'Nihil mollitia temporibus reprehenderit aperiam dolorum porro. Esse inventore optio distinctio aliquid vero in ipsum. Et nostrum perspiciatis sunt illo cupiditate aspernatur.', 1, '2021-05-02 23:40:49', '2021-05-02 23:40:49'),
(183, 80, 'Berneice Goyette', 'Temporibus expedita earum eos distinctio aut. Soluta et ut nam enim quod adipisci. Minus quae nobis quia nesciunt.', 1, '2021-05-02 23:40:50', '2021-05-02 23:40:50'),
(184, 94, 'Devin Pacocha', 'Quo soluta sint non totam cupiditate et facere. Molestias sint non omnis similique corrupti dolorem molestias. Omnis consequatur ut quisquam consequatur quasi molestiae id. Cupiditate minima dolorum ipsa occaecati.', 1, '2021-05-02 23:40:50', '2021-05-02 23:40:50'),
(185, 11, 'Emilie Paucek', 'Eius sunt qui enim consectetur dolor excepturi. Aut quos quidem cupiditate molestiae molestiae maxime beatae fuga. Eum est saepe velit dolores quo.', 0, '2021-05-02 23:40:50', '2021-05-02 23:40:50'),
(186, 17, 'America Hilpert', 'Qui perferendis itaque iusto dolorum qui ullam. Accusantium quasi ut et cumque saepe et aut.', 0, '2021-05-02 23:40:50', '2021-05-02 23:40:50'),
(187, 1, 'Dr. Ebony Rowe', 'Est nobis eum repellendus possimus accusantium ducimus tempore. Libero et id laborum vitae tenetur voluptatem. Cupiditate laudantium sint dolor asperiores non dolorem.', 1, '2021-05-02 23:40:50', '2021-05-02 23:40:50'),
(188, 30, 'Mr. Jessy Weissnat IV', 'Neque mollitia et et itaque et accusamus. Illum quaerat et ea. Ut rerum et libero labore ut. Eaque illo voluptatem omnis ut voluptatem. Voluptatem ut hic vitae eos nihil.', 1, '2021-05-02 23:40:50', '2021-05-02 23:40:50'),
(189, 37, 'Torrey Hartmann', 'Et adipisci minus placeat laboriosam nihil. Inventore et sint qui est eum. Velit impedit nihil omnis voluptatem exercitationem.', 5, '2021-05-02 23:40:50', '2021-05-02 23:40:50'),
(190, 38, 'Rosie Blick DVM', 'Sint dolorum et voluptatibus et facere rerum. Quam nihil eos officiis. Natus magni accusantium laboriosam veniam et possimus id ad.', 3, '2021-05-02 23:40:50', '2021-05-02 23:40:50'),
(191, 35, 'Donald Howe', 'Voluptates ab inventore id est. Dignissimos corporis aspernatur commodi. Facilis culpa sunt voluptates ipsa repellat quia.', 0, '2021-05-02 23:40:50', '2021-05-02 23:40:50'),
(192, 40, 'Tyree Rogahn', 'Atque eaque sit eos autem vitae eos cupiditate. Incidunt quibusdam voluptatem repellat optio esse ut dignissimos. Non sit ratione eaque corrupti.', 1, '2021-05-02 23:40:50', '2021-05-02 23:40:50'),
(193, 17, 'Felicita Boehm Jr.', 'Architecto ab nostrum soluta distinctio hic magnam. Quod magni cumque natus laudantium sed esse. Laudantium incidunt quidem non. Non odit cum sed eaque nisi hic harum.', 5, '2021-05-02 23:40:50', '2021-05-02 23:40:50'),
(194, 68, 'Chaya Brown', 'Asperiores aliquam quis dignissimos architecto. Omnis rerum aperiam hic vero magni voluptates eius. Nihil et perspiciatis labore facere in veniam sit. Culpa placeat modi ea quo nihil reprehenderit.', 2, '2021-05-02 23:40:50', '2021-05-02 23:40:50'),
(195, 65, 'Fern Halvorson', 'Sunt sed quod autem doloremque ab iusto ullam aut. Nobis consequatur eius mollitia minus odio praesentium rem. Sunt unde voluptate praesentium.', 5, '2021-05-02 23:40:50', '2021-05-02 23:40:50'),
(196, 20, 'Emmy Dickens', 'Sunt facilis aperiam voluptatibus fugit impedit aut autem commodi. Ut atque ut minima nulla neque quae sit. Voluptatum quas debitis quo id rerum. Voluptas quisquam rerum qui voluptate.', 4, '2021-05-02 23:40:50', '2021-05-02 23:40:50'),
(197, 78, 'Dr. Rickie Roberts', 'Rerum fugit et et temporibus repellendus earum. Rerum sint in cum aut minima ipsum. Maxime unde tempore velit maiores. Enim molestiae a nulla est cupiditate quisquam.', 3, '2021-05-02 23:40:50', '2021-05-02 23:40:50'),
(198, 44, 'Chaya Franecki', 'Reprehenderit velit ut ut ut repudiandae. Quasi qui dolores corrupti temporibus architecto delectus. Ut eius dolorem dolor. Reiciendis ab quis est explicabo vitae error.', 1, '2021-05-02 23:40:51', '2021-05-02 23:40:51'),
(199, 63, 'Mohamed Paucek DDS', 'Debitis optio distinctio repellendus. Ad quos accusantium occaecati. Expedita commodi quisquam et ullam magnam mollitia. Voluptatem laborum aut harum laudantium et. Ut architecto blanditiis repellendus rerum reiciendis.', 0, '2021-05-02 23:40:51', '2021-05-02 23:40:51'),
(200, 17, 'Prof. Marilyne Bergnaum', 'Nulla placeat odit qui natus officiis tempora et voluptate. Rerum repudiandae id delectus quis vero ex laudantium commodi. Aut sit aut sunt sunt. Nihil soluta aspernatur beatae.', 0, '2021-05-02 23:40:51', '2021-05-02 23:40:51');

-- --------------------------------------------------------

--
-- Structure de la table `users`
--

CREATE TABLE `users` (
  `id` bigint(20) UNSIGNED NOT NULL,
  `name` varchar(255) COLLATE utf8mb4_unicode_ci NOT NULL,
  `email` varchar(255) COLLATE utf8mb4_unicode_ci NOT NULL,
  `email_verified_at` timestamp NULL DEFAULT NULL,
  `password` varchar(255) COLLATE utf8mb4_unicode_ci NOT NULL,
  `remember_token` varchar(100) COLLATE utf8mb4_unicode_ci DEFAULT NULL,
  `created_at` timestamp NULL DEFAULT NULL,
  `updated_at` timestamp NULL DEFAULT NULL
) ENGINE=InnoDB DEFAULT CHARSET=utf8mb4 COLLATE=utf8mb4_unicode_ci;

--
-- Index pour les tables déchargées
--

--
-- Index pour la table `failed_jobs`
--
ALTER TABLE `failed_jobs`
  ADD PRIMARY KEY (`id`);

--
-- Index pour la table `migrations`
--
ALTER TABLE `migrations`
  ADD PRIMARY KEY (`id`);

--
-- Index pour la table `password_resets`
--
ALTER TABLE `password_resets`
  ADD KEY `password_resets_email_index` (`email`);

--
-- Index pour la table `products`
--
ALTER TABLE `products`
  ADD PRIMARY KEY (`id`);

--
-- Index pour la table `reviews`
--
ALTER TABLE `reviews`
  ADD PRIMARY KEY (`id`),
  ADD KEY `reviews_product_id_index` (`product_id`);

--
-- Index pour la table `users`
--
ALTER TABLE `users`
  ADD PRIMARY KEY (`id`),
  ADD UNIQUE KEY `users_email_unique` (`email`);

--
-- AUTO_INCREMENT pour les tables déchargées
--

--
-- AUTO_INCREMENT pour la table `failed_jobs`
--
ALTER TABLE `failed_jobs`
  MODIFY `id` bigint(20) UNSIGNED NOT NULL AUTO_INCREMENT;

--
-- AUTO_INCREMENT pour la table `migrations`
--
ALTER TABLE `migrations`
  MODIFY `id` int(10) UNSIGNED NOT NULL AUTO_INCREMENT, AUTO_INCREMENT=6;

--
-- AUTO_INCREMENT pour la table `products`
--
ALTER TABLE `products`
  MODIFY `id` int(10) UNSIGNED NOT NULL AUTO_INCREMENT, AUTO_INCREMENT=101;

--
-- AUTO_INCREMENT pour la table `reviews`
--
ALTER TABLE `reviews`
  MODIFY `id` int(10) UNSIGNED NOT NULL AUTO_INCREMENT, AUTO_INCREMENT=201;

--
-- AUTO_INCREMENT pour la table `users`
--
ALTER TABLE `users`
  MODIFY `id` bigint(20) UNSIGNED NOT NULL AUTO_INCREMENT;

--
-- Contraintes pour les tables déchargées
--

--
-- Contraintes pour la table `reviews`
--
ALTER TABLE `reviews`
  ADD CONSTRAINT `reviews_product_id_foreign` FOREIGN KEY (`product_id`) REFERENCES `products` (`id`) ON DELETE CASCADE;
COMMIT;

/*!40101 SET CHARACTER_SET_CLIENT=@OLD_CHARACTER_SET_CLIENT */;
/*!40101 SET CHARACTER_SET_RESULTS=@OLD_CHARACTER_SET_RESULTS */;
/*!40101 SET COLLATION_CONNECTION=@OLD_COLLATION_CONNECTION */;
